INSERT INTO users (id, password, role) VALUES
(300000001, '123456', 'teacher'),
(300000002, '123456', 'teacher'),
(300000003, '123456', 'teacher'),
(300000004, '123456', 'teacher'),
(300000005, '123456', 'teacher'),
(300000006, '123456', 'teacher'),
(300000007, '123456', 'teacher'),
(300000008, '123456', 'teacher'),
(300000009, '123456', 'teacher'),
(300000010, '123456', 'teacher'),
(300000011, '123456', 'teacher'),
(300000012, '123456', 'teacher'),
(300000013, '123456', 'teacher'),
(300000014, '123456', 'teacher'),
(300000015, '123456', 'teacher');

INSERT INTO teachers (id, fullname, sex, class_id, course, phone, email, cccd, nation, religion, birthplace, address) VALUES
(300000001, 'Phạm Hồng Quân', 'Nam', 'A12427', 'Toán', '0912345678', 'quan@teacher.edu', '0123456789', 'Kinh', 'Không', 'Hà Nội', '303 Đường MOM'),
(300000002, 'Nguyễn Thị Lan', 'Nữ', 'A22427', 'Văn', '0987654321', 'lan@teacher.edu', '0123456790', 'Kinh', 'Không', 'Hải Phòng', '404 Đường KLM'),
(300000003, 'Trần Minh Quân', 'Nam', 'A32427', 'Lý', '0912345679', 'quan@teacher.edu', '0123456791', 'Kinh', 'Không', 'Bắc Ninh', '505 Đường ABC'),
(300000004, 'Lê Minh Tâm', 'Nữ', 'A42427', 'Hóa', '0912345680', 'tam@teacher.edu', '0123456792', 'Kinh', 'Không', 'Đà Nẵng', '606 Đường XYZ'),
(300000005, 'Phan Ngọc Huy', 'Nam', 'A52427', 'Sinh', '0912345681', 'huy@teacher.edu', '0123456793', 'Kinh', 'Không', 'Hải Dương', '707 Đường PQR'),
(300000006, 'Đoàn Thị Kim', 'Nữ', 'A12326', 'Sử', '0912345682', 'kim@teacher.edu', '0123456794', 'Kinh', 'Không', 'Hà Nội', '808 Đường DEF'),
(300000007, 'Trương Minh Quang', 'Nam', 'A22326', 'Địa', '0912345683', 'quang@teacher.edu', '0123456795', 'Kinh', 'Không', 'Hải Phòng', '909 Đường GHI'),
(300000008, 'Nguyễn Thị Bích', 'Nữ', 'A32326', 'Anh', '0912345684', 'bich@teacher.edu', '0123456796', 'Kinh', 'Không', 'Bắc Giang', '101 Đường LMN'),
(300000009, 'Vũ Thanh Hà', 'Nam', 'A42326', 'Thể dục', '0912345685', 'ha@teacher.edu', '0123456797', 'Kinh', 'Không', 'Nam Định', '202 Đường OPQ'),
(300000010, 'Hoàng Thị Lan', 'Nữ', 'A52326', 'GDCD', '0912345686', 'lanh@teacher.edu', '0123456798', 'Kinh', 'Không', 'Thanh Hóa', '303 Đường STU'),
(300000011, 'Lê Quang Duy', 'Nam', 'A12225', 'Toán', '0912345687', 'duy@teacher.edu', '0123456799', 'Kinh', 'Không', 'Vĩnh Phúc', '404 Đường VWX'),
(300000012, 'Trần Hữu Khoa', 'Nam', 'A22225', 'Văn', '0912345688', 'khoa@teacher.edu', '0123456800', 'Kinh', 'Không', 'Thái Bình', '505 Đường YZA'),
(300000013, 'Đặng Minh Hoàng', 'Nữ', 'A32225', 'Hóa', '0912345689', 'hoang@teacher.edu', '0123456801', 'Kinh', 'Không', 'Quảng Ninh', '606 Đường PQR'),
(300000014, 'Nguyễn Mạnh Hùng', 'Nam', 'A42225', 'Lý', '0912345690', 'hung@teacher.edu', '0123456802', 'Kinh', 'Không', 'Hà Nam', '707 Đường STU'),
(300000015, 'Lê Thị Lan Anh', 'Nữ', 'A52225', 'Sinh', '0912345691', 'lananh@teacher.edu', '0123456803', 'Kinh', 'Không', 'Quảng Ngãi', '808 Đường GHI');

INSERT INTO classes (id, class_name, year, teacher_id) VALUES
('A12427', '10A1', '2024-2027', NULL),
('A22427', '10A2', '2024-2027', NULL),
('A32427', '10A3', '2024-2027', NULL),
('A42427', '10A4', '2024-2027', NULL),
('A52427', '10A5', '2024-2027', NULL),
('A12326', '11A1', '2023-2026', NULL),
('A22326', '11A2', '2023-2026', NULL),
('A32326', '11A3', '2023-2026', NULL),
('A42326', '11A4', '2023-2026', NULL),
('A52326', '11A5', '2023-2026', NULL),
('A12225', '12A1', '2022-2025', NULL),
('A22225', '12A2', '2022-2025', NULL),
('A32225', '12A3', '2022-2025', NULL),
('A42225', '12A4', '2022-2025', NULL),
('A52225', '12A5', '2022-2025', NULL);

INSERT INTO `teacher_class` (`id`, `teacher_id`, `class_id`, `subject_id`) VALUES
(1, 300000001, 'A12427', 'TO'),
(2, 300000001, 'A22427', 'TO'),
(3, 300000001, 'A32427', 'TO'),
(4, 300000001, 'A42427', 'TO'),
(5, 300000001, 'A52427', 'TO'),
(6, 300000001, 'A12326', 'TO'),
(7, 300000001, 'A22326', 'TO'),
(8, 300000001, 'A32326', 'TO'),
(9, 300000001, 'A42326', 'TO'),
(10, 300000001, 'A52326', 'TO'),
(11, 300000001, 'A12225', 'TO'),
(12, 300000001, 'A22225', 'TO'),
(13, 300000001, 'A32225', 'TO'),
(14, 300000001, 'A42225', 'TO'),
(15, 300000001, 'A52225', 'TO');

INSERT INTO `teacher_class` (`id`, `teacher_id`, `class_id`, `subject_id`) VALUES
(16, 300000002, 'A12427', 'VL'),
(17, 300000002, 'A22427', 'VL'),
(18, 300000002, 'A32427', 'VL'),
(19, 300000002, 'A42427', 'VL'),
(20, 300000002, 'A52427', 'VL'),
(21, 300000002, 'A12326', 'VL'),
(22, 300000002, 'A22326', 'VL'),
(23, 300000002, 'A32326', 'VL'),
(24, 300000002, 'A42326', 'VL'),
(25, 300000002, 'A52326', 'VL'),
(26, 300000002, 'A12225', 'VL'),
(27, 300000002, 'A22225', 'VL'),
(28, 300000002, 'A32225', 'VL'),
(29, 300000002, 'A42225', 'VL'),
(30, 300000002, 'A52225', 'VL');

INSERT INTO `teacher_class` (`id`, `teacher_id`, `class_id`, `subject_id`) VALUES
(31, 300000003, 'A12427', 'HH'),
(32, 300000003, 'A22427', 'HH'),
(33, 300000003, 'A32427', 'HH'),
(34, 300000003, 'A42427', 'HH'),
(35, 300000003, 'A52427', 'HH'),
(36, 300000003, 'A12326', 'HH'),
(37, 300000003, 'A22326', 'HH'),
(38, 300000003, 'A32326', 'HH'),
(39, 300000003, 'A42326', 'HH'),
(40, 300000003, 'A52326', 'HH'),
(41, 300000003, 'A12225', 'HH'),
(42, 300000003, 'A22225', 'HH'),
(43, 300000003, 'A32225', 'HH'),
(44, 300000003, 'A42225', 'HH'),
(45, 300000003, 'A52225', 'HH');

INSERT INTO `teacher_class` (`id`, `teacher_id`, `class_id`, `subject_id`) VALUES
(46, 300000004, 'A12427', 'NV'),
(47, 300000004, 'A22427', 'NV'),
(48, 300000004, 'A32427', 'NV'),
(49, 300000004, 'A42427', 'NV'),
(50, 300000004, 'A52427', 'NV'),
(51, 300000004, 'A12326', 'NV'),
(52, 300000004, 'A22326', 'NV'),
(53, 300000004, 'A32326', 'NV'),
(54, 300000004, 'A42326', 'NV'),
(55, 300000004, 'A52326', 'NV'),
(56, 300000004, 'A12225', 'NV'),
(57, 300000004, 'A22225', 'NV'),
(58, 300000004, 'A32225', 'NV'),
(59, 300000004, 'A42225', 'NV'),
(60, 300000004, 'A52225', 'NV');

INSERT INTO `teacher_class` (`id`, `teacher_id`, `class_id`, `subject_id`) VALUES
(61, 300000005, 'A12427', 'TA'),
(62, 300000005, 'A22427', 'TA'),
(63, 300000005, 'A32427', 'TA'),
(64, 300000005, 'A42427', 'TA'),
(65, 300000005, 'A52427', 'TA'),
(66, 300000005, 'A12326', 'TA'),
(67, 300000005, 'A22326', 'TA'),
(68, 300000005, 'A32326', 'TA'),
(69, 300000005, 'A42326', 'TA'),
(70, 300000005, 'A52326', 'TA'),
(71, 300000005, 'A12225', 'TA'),
(72, 300000005, 'A22225', 'TA'),
(73, 300000005, 'A32225', 'TA'),
(74, 300000005, 'A42225', 'TA'),
(75, 300000005, 'A52225', 'TA');

INSERT INTO `teacher_class` (`id`, `teacher_id`, `class_id`, `subject_id`) VALUES
(76, 300000006, 'A12427', 'SH'),
(77, 300000006, 'A22427', 'SH'),
(78, 300000006, 'A32427', 'SH'),
(79, 300000006, 'A42427', 'SH'),
(80, 300000006, 'A52427', 'SH'),
(81, 300000006, 'A12326', 'SH'),
(82, 300000006, 'A22326', 'SH'),
(83, 300000006, 'A32326', 'SH'),
(84, 300000006, 'A42326', 'SH'),
(85, 300000006, 'A52326', 'SH'),
(86, 300000006, 'A12225', 'SH'),
(87, 300000006, 'A22225', 'SH'),
(88, 300000006, 'A32225', 'SH'),
(89, 300000006, 'A42225', 'SH'),
(90, 300000006, 'A52225', 'SH');

INSERT INTO `teacher_class` (`id`, `teacher_id`, `class_id`, `subject_id`) VALUES
(91, 300000007, 'A12427', 'GD'),
(92, 300000007, 'A22427', 'GD'),
(93, 300000007, 'A32427', 'GD'),
(94, 300000007, 'A42427', 'GD'),
(95, 300000007, 'A52427', 'GD'),
(96, 300000007, 'A12326', 'GD'),
(97, 300000007, 'A22326', 'GD'),
(98, 300000007, 'A32326', 'GD'),
(99, 300000007, 'A42326', 'GD'),
(100, 300000007, 'A52326', 'GD'),
(101, 300000007, 'A12225', 'GD'),
(102, 300000007, 'A22225', 'GD'),
(103, 300000007, 'A32225', 'GD'),
(104, 300000007, 'A42225', 'GD'),
(105, 300000007, 'A52225', 'GD');

INSERT INTO `teacher_class` (`id`, `teacher_id`, `class_id`, `subject_id`) VALUES
(106, 300000008, 'A12427', 'TD'),
(107, 300000008, 'A22427', 'TD'),
(108, 300000008, 'A32427', 'TD'),
(109, 300000008, 'A42427', 'TD'),
(110, 300000008, 'A52427', 'TD'),
(111, 300000008, 'A12326', 'TD'),
(112, 300000008, 'A22326', 'TD'),
(113, 300000008, 'A32326', 'TD'),
(114, 300000008, 'A42326', 'TD'),
(115, 300000008, 'A52326', 'TD'),
(116, 300000008, 'A12225', 'TD'),
(117, 300000008, 'A22225', 'TD'),
(118, 300000008, 'A32225', 'TD'),
(119, 300000008, 'A42225', 'TD'),
(120, 300000008, 'A52225', 'TD');

INSERT INTO `teacher_class` (`id`, `teacher_id`, `class_id`, `subject_id`) VALUES
(121, 300000009, 'A12427', 'LS'),
(122, 300000009, 'A22427', 'LS'),
(123, 300000009, 'A32427', 'LS'),
(124, 300000009, 'A42427', 'LS'),
(125, 300000009, 'A52427', 'LS'),
(126, 300000009, 'A12326', 'LS'),
(127, 300000009, 'A22326', 'LS'),
(128, 300000009, 'A32326', 'LS'),
(129, 300000009, 'A42326', 'LS'),
(130, 300000009, 'A52326', 'LS'),
(131, 300000009, 'A12225', 'LS'),
(132, 300000009, 'A22225', 'LS'),
(133, 300000009, 'A32225', 'LS'),
(134, 300000009, 'A42225', 'LS'),
(135, 300000009, 'A52225', 'LS');

INSERT INTO `teacher_class` (`id`, `teacher_id`, `class_id`, `subject_id`) VALUES
(136, 300000010, 'A12427', 'DL'),
(137, 300000010, 'A22427', 'DL'),
(138, 300000010, 'A32427', 'DL'),
(139, 300000010, 'A42427', 'DL'),
(140, 300000010, 'A52427', 'DL'),
(141, 300000010, 'A12326', 'DL'),
(142, 300000010, 'A22326', 'DL'),
(143, 300000010, 'A32326', 'DL'),
(144, 300000010, 'A42326', 'DL'),
(145, 300000010, 'A52326', 'DL'),
(146, 300000010, 'A12225', 'DL'),
(147, 300000010, 'A22225', 'DL'),
(148, 300000010, 'A32225', 'DL'),
(149, 300000010, 'A42225', 'DL'),
(150, 300000010, 'A52225', 'DL');

INSERT INTO `teacher_class` (`id`, `teacher_id`, `class_id`, `subject_id`) VALUES
(151, 300000011, 'A12427', 'TH'),
(152, 300000011, 'A22427', 'TH'),
(153, 300000011, 'A32427', 'TH'),
(154, 300000011, 'A42427', 'TH'),
(155, 300000011, 'A52427', 'TH'),
(156, 300000011, 'A12326', 'TH'),
(157, 300000011, 'A22326', 'TH'),
(158, 300000011, 'A32326', 'TH'),
(159, 300000011, 'A42326', 'TH'),
(160, 300000011, 'A52326', 'TH'),
(161, 300000011, 'A12225', 'TH'),
(162, 300000011, 'A22225', 'TH'),
(163, 300000011, 'A32225', 'TH'),
(164, 300000011, 'A42225', 'TH'),
(165, 300000011, 'A52225', 'TH');

INSERT INTO `teacher_class` (`id`, `teacher_id`, `class_id`, `subject_id`) VALUES
(166, 300000012, 'A12427', 'MT'),
(167, 300000012, 'A22427', 'MT'),
(168, 300000012, 'A32427', 'MT'),
(169, 300000012, 'A42427', 'MT'),
(170, 300000012, 'A52427', 'MT'),
(171, 300000012, 'A12326', 'MT'),
(172, 300000012, 'A22326', 'MT'),
(173, 300000012, 'A32326', 'MT'),
(174, 300000012, 'A42326', 'MT'),
(175, 300000012, 'A52326', 'MT'),
(176, 300000012, 'A12225', 'MT'),
(177, 300000012, 'A22225', 'MT'),
(178, 300000012, 'A32225', 'MT'),
(179, 300000012, 'A42225', 'MT'),
(180, 300000012, 'A52225', 'MT');

INSERT INTO `teacher_class` (`id`, `teacher_id`, `class_id`, `subject_id`) VALUES
(181, 300000013, 'A12427', 'QP'),
(182, 300000013, 'A22427', 'QP'),
(183, 300000013, 'A32427', 'QP'),
(184, 300000013, 'A42427', 'QP'),
(185, 300000013, 'A52427', 'QP'),
(186, 300000013, 'A12326', 'QP'),
(187, 300000013, 'A22326', 'QP'),
(188, 300000013, 'A32326', 'QP'),
(189, 300000013, 'A42326', 'QP'),
(190, 300000013, 'A52326', 'QP'),
(191, 300000013, 'A12225', 'QP'),
(192, 300000013, 'A22225', 'QP'),
(193, 300000013, 'A32225', 'QP'),
(194, 300000013, 'A42225', 'QP'),
(195, 300000013, 'A52225', 'QP');

INSERT INTO `teacher_class` (`id`, `teacher_id`, `class_id`, `subject_id`) VALUES
(196, 300000014, 'A12427', 'CN'),
(197, 300000014, 'A22427', 'CN'),
(198, 300000014, 'A32427', 'CN'),
(199, 300000014, 'A42427', 'CN'),
(200, 300000014, 'A52427', 'CN'),
(201, 300000014, 'A12326', 'CN'),
(202, 300000014, 'A22326', 'CN'),
(203, 300000014, 'A32326', 'CN'),
(204, 300000014, 'A42326', 'CN'),
(205, 300000014, 'A52326', 'CN'),
(206, 300000014, 'A12225', 'CN'),
(207, 300000014, 'A22225', 'CN'),
(208, 300000014, 'A32225', 'CN'),
(209, 300000014, 'A42225', 'CN'),
(210, 300000014, 'A52225', 'CN');

INSERT INTO `teacher_class` (`id`, `teacher_id`, `class_id`, `subject_id`) VALUES
(211, 300000015, 'A12427', 'TA'),
(212, 300000015, 'A22427', 'TA'),
(213, 300000015, 'A32427', 'TA'),
(214, 300000015, 'A42427', 'TA'),
(215, 300000015, 'A52427', 'TA'),
(216, 300000015, 'A12326', 'TA'),
(217, 300000015, 'A22326', 'TA'),
(218, 300000015, 'A32326', 'TA'),
(219, 300000015, 'A42326', 'TA'),
(220, 300000015, 'A52326', 'TA'),
(221, 300000015, 'A12225', 'TA'),
(222, 300000015, 'A22225', 'TA'),
(223, 300000015, 'A32225', 'TA'),
(224, 300000015, 'A42225', 'TA'),
(225, 300000015, 'A52225', 'TA');
